Code,Description,Total area,of which is irrigated,of which is used for energy crops,"of which isused for GMO",Opening valuation value,Closing valuation value,Production Quantity,Sales Quantity,Sales Value,Farm household consumption and benefits in kind Value,Farm use Value
10110,"Common wheatand spelt","I_A_10110_TC_MD_TA","I_A_10110_TC_MD_IR","I_A_10110_TC_MD_EN","I_A_10110_TC_MD_GM","I_OV_10110_TC_MD_V","I_CV_10110_TC_MD_V","I_PR_10110_TC_MD_Q","I_SA_10110_TC_MD_Q","I_SA_10110_TC_MD_V","I_FC_10110_TC_MD_V","I_FU_10110_TC_MD_V"
10120,Durum wheat,"I_A_10120_TC_MD_TA","I_A_10120_TC_MD_IR","I_A_10120_TC_MD_EN","I_A_10120_TC_MD_GM","I_OV_10120_TC_MD_V","I_CV_10120_TC_MD_V","I_PR_10120_TC_MD_Q","I_SA_10120_TC_MD_Q","I_SA_10120_TC_MD_V","I_FC_10120_TC_MD_V","I_FU_10120_TC_MD_V"
10130,Rye,"I_A_10130_TC_MD_TA","I_A_10130_TC_MD_IR","I_A_10130_TC_MD_EN","I_A_10130_TC_MD_GM","I_OV_10130_TC_MD_V","I_CV_10130_TC_MD_V","I_PR_10130_TC_MD_Q","I_SA_10130_TC_MD_Q","I_SA_10130_TC_MD_V","I_FC_10130_TC_MD_V","I_FU_10130_TC_MD_V"
10140,Barley,"I_A_10140_TC_MD_TA","I_A_10140_TC_MD_IR","I_A_10140_TC_MD_EN","I_A_10140_TC_MD_GM","I_OV_10140_TC_MD_V","I_CV_10140_TC_MD_V","I_PR_10140_TC_MD_Q","I_SA_10140_TC_MD_Q","I_SA_10140_TC_MD_V","I_FC_10140_TC_MD_V","I_FU_10140_TC_MD_V"
10150,Oats,"I_A_10150_TC_MD_TA","I_A_10150_TC_MD_IR","I_A_10150_TC_MD_EN","I_A_10150_TC_MD_GM","I_OV_10150_TC_MD_V","I_CV_10150_TC_MD_V","I_PR_10150_TC_MD_Q","I_SA_10150_TC_MD_Q","I_SA_10150_TC_MD_V","I_FC_10150_TC_MD_V","I_FU_10150_TC_MD_V"
10160,Grain maize,"I_A_10160_TC_MD_TA","I_A_10160_TC_MD_IR","I_A_10160_TC_MD_EN","I_A_10160_TC_MD_GM","I_OV_10160_TC_MD_V","I_CV_10160_TC_MD_V","I_PR_10160_TC_MD_Q","I_SA_10160_TC_MD_Q","I_SA_10160_TC_MD_V","I_FC_10160_TC_MD_V","I_FU_10160_TC_MD_V"
10170,Rice,"I_A_10170_TC_MD_TA","I_A_10170_TC_MD_IR","I_A_10170_TC_MD_EN","I_A_10170_TC_MD_GM","I_OV_10170_TC_MD_V","I_CV_10170_TC_MD_V","I_PR_10170_TC_MD_Q","I_SA_10170_TC_MD_Q","I_SA_10170_TC_MD_V","I_FC_10170_TC_MD_V","I_FU_10170_TC_MD_V"
10190,"Other cerealsfor theproduction ofgrain","I_A_10190_TC_MD_TA","I_A_10190_TC_MD_IR","I_A_10190_TC_MD_EN","I_A_10190_TC_MD_GM","I_OV_10190_TC_MD_V","I_CV_10190_TC_MD_V","I_PR_10190_TC_MD_Q","I_SA_10190_TC_MD_Q","I_SA_10190_TC_MD_V","I_FC_10190_TC_MD_V","I_FU_10190_TC_MD_V"
10210,"Peas, fieldbeans andsweet lupines","I_A_10210_TC_MD_TA","I_A_10210_TC_MD_IR","I_A_10210_TC_MD_EN","I_A_10210_TC_MD_GM","I_OV_10210_TC_MD_V","I_CV_10210_TC_MD_V","I_PR_10210_TC_MD_Q","I_SA_10210_TC_MD_Q","I_SA_10210_TC_MD_V","I_FC_10210_TC_MD_V","I_FU_10210_TC_MD_V"
10220,"Lentils,chickpeas andvetches","I_A_10220_TC_MD_TA","I_A_10220_TC_MD_IR","I_A_10220_TC_MD_EN","I_A_10220_TC_MD_GM","I_OV_10220_TC_MD_V","I_CV_10220_TC_MD_V","I_PR_10220_TC_MD_Q","I_SA_10220_TC_MD_Q","I_SA_10220_TC_MD_V","I_FC_10220_TC_MD_V","I_FU_10220_TC_MD_V"
10290,"Other proteincrops","I_A_10290_TC_MD_TA","I_A_10290_TC_MD_IR","I_A_10290_TC_MD_EN","I_A_10290_TC_MD_GM","I_OV_10290_TC_MD_V","I_CV_10290_TC_MD_V","I_PR_10290_TC_MD_Q","I_SA_10290_TC_MD_Q","I_SA_10290_TC_MD_V","I_FC_10290_TC_MD_V","I_FU_10290_TC_MD_V"
10300,"Potatoes(including earlypotatoes andseed potatoes)","I_A_10300_TC_MD_TA","I_A_10300_TC_MD_IR","I_A_10300_TC_MD_EN","I_A_10300_TC_MD_GM","I_OV_10300_TC_MD_V","I_CV_10300_TC_MD_V","I_PR_10300_TC_MD_Q","I_SA_10300_TC_MD_Q","I_SA_10300_TC_MD_V","I_FC_10300_TC_MD_V","I_FU_10300_TC_MD_V"
10310,"Potatoes forstarch","I_A_10310_TC_MD_TA","I_A_10310_TC_MD_IR","I_A_10310_TC_MD_EN","I_A_10310_TC_MD_GM","I_OV_10310_TC_MD_V","I_CV_10310_TC_MD_V","I_PR_10310_TC_MD_Q","I_SA_10310_TC_MD_Q","I_SA_10310_TC_MD_V","I_FC_10310_TC_MD_V","I_FU_10310_TC_MD_V"
10390,Other potatoes,"I_A_10390_TC_MD_TA","I_A_10390_TC_MD_IR","I_A_10390_TC_MD_EN","I_A_10390_TC_MD_GM","I_OV_10390_TC_MD_V","I_CV_10390_TC_MD_V","I_PR_10390_TC_MD_Q","I_SA_10390_TC_MD_Q","I_SA_10390_TC_MD_V","I_FC_10390_TC_MD_V","I_FU_10390_TC_MD_V"
10400,"Sugar beet(excludingseed)","I_A_10400_TC_MD_TA","I_A_10400_TC_MD_IR","I_A_10400_TC_MD_EN","I_A_10400_TC_MD_GM","I_OV_10400_TC_MD_V","I_CV_10400_TC_MD_V","I_PR_10400_TC_MD_Q","I_SA_10400_TC_MD_Q","I_SA_10400_TC_MD_V","I_FC_10400_TC_MD_V","I_FU_10400_TC_MD_V"
10500,"Fodder rootsand brassicas(excludingseed)","I_A_10500_TC_MD_TA","I_A_10500_TC_MD_IR","I_A_10500_TC_MD_EN","I_A_10500_TC_MD_GM","I_OV_10500_TC_MD_V","I_CV_10500_TC_MD_V","I_PR_10500_TC_MD_Q","I_SA_10500_TC_MD_Q","I_SA_10500_TC_MD_V","I_FC_10500_TC_MD_V","I_FU_10500_TC_MD_V"
10601,Tobacco,"I_A_10601_TC_MD_TA","I_A_10601_TC_MD_IR","I_A_10601_TC_MD_EN","I_A_10601_TC_MD_GM","I_OV_10601_TC_MD_V","I_CV_10601_TC_MD_V","I_PR_10601_TC_MD_Q","I_SA_10601_TC_MD_Q","I_SA_10601_TC_MD_V","I_FC_10601_TC_MD_V","I_FU_10601_TC_MD_V"
10602,Hops,"I_A_10602_TC_MD_TA","I_A_10602_TC_MD_IR","I_A_10602_TC_MD_EN","I_A_10602_TC_MD_GM","I_OV_10602_TC_MD_V","I_CV_10602_TC_MD_V","I_PR_10602_TC_MD_Q","I_SA_10602_TC_MD_Q","I_SA_10602_TC_MD_V","I_FC_10602_TC_MD_V","I_FU_10602_TC_MD_V"
10603,Cotton,"I_A_10603_TC_MD_TA","I_A_10603_TC_MD_IR","I_A_10603_TC_MD_EN","I_A_10603_TC_MD_GM","I_OV_10603_TC_MD_V","I_CV_10603_TC_MD_V","I_PR_10603_TC_MD_Q","I_SA_10603_TC_MD_Q","I_SA_10603_TC_MD_V","I_FC_10603_TC_MD_V","I_FU_10603_TC_MD_V"
10604,"Rape and turniprape","I_A_10604_TC_MD_TA","I_A_10604_TC_MD_IR","I_A_10604_TC_MD_EN","I_A_10604_TC_MD_GM","I_OV_10604_TC_MD_V","I_CV_10604_TC_MD_V","I_PR_10604_TC_MD_Q","I_SA_10604_TC_MD_Q","I_SA_10604_TC_MD_V","I_FC_10604_TC_MD_V","I_FU_10604_TC_MD_V"
10605,Sunflower,"I_A_10605_TC_MD_TA","I_A_10605_TC_MD_IR","I_A_10605_TC_MD_EN","I_A_10605_TC_MD_GM","I_OV_10605_TC_MD_V","I_CV_10605_TC_MD_V","I_PR_10605_TC_MD_Q","I_SA_10605_TC_MD_Q","I_SA_10605_TC_MD_V","I_FC_10605_TC_MD_V","I_FU_10605_TC_MD_V"
10606,Soya,"I_A_10606_TC_MD_TA","I_A_10606_TC_MD_IR","I_A_10606_TC_MD_EN","I_A_10606_TC_MD_GM","I_OV_10606_TC_MD_V","I_CV_10606_TC_MD_V","I_PR_10606_TC_MD_Q","I_SA_10606_TC_MD_Q","I_SA_10606_TC_MD_V","I_FC_10606_TC_MD_V","I_FU_10606_TC_MD_V"
10607,"Linseed (oilflax)","I_A_10607_TC_MD_TA","I_A_10607_TC_MD_IR","I_A_10607_TC_MD_EN","I_A_10607_TC_MD_GM","I_OV_10607_TC_MD_V","I_CV_10607_TC_MD_V","I_PR_10607_TC_MD_Q","I_SA_10607_TC_MD_Q","I_SA_10607_TC_MD_V","I_FC_10607_TC_MD_V","I_FU_10607_TC_MD_V"
10608,"Other oil seedcrops","I_A_10608_TC_MD_TA","I_A_10608_TC_MD_IR","I_A_10608_TC_MD_EN","I_A_10608_TC_MD_GM","I_OV_10608_TC_MD_V","I_CV_10608_TC_MD_V","I_PR_10608_TC_MD_Q","I_SA_10608_TC_MD_Q","I_SA_10608_TC_MD_V","I_FC_10608_TC_MD_V","I_FU_10608_TC_MD_V"
10609,Flax,"I_A_10609_TC_MD_TA","I_A_10609_TC_MD_IR","I_A_10609_TC_MD_EN","I_A_10609_TC_MD_GM","I_OV_10609_TC_MD_V","I_CV_10609_TC_MD_V","I_PR_10609_TC_MD_Q","I_SA_10609_TC_MD_Q","I_SA_10609_TC_MD_V","I_FC_10609_TC_MD_V","I_FU_10609_TC_MD_V"
10610,Hemp,"I_A_10610_TC_MD_TA","I_A_10610_TC_MD_IR","I_A_10610_TC_MD_EN","I_A_10610_TC_MD_GM","I_OV_10610_TC_MD_V","I_CV_10610_TC_MD_V","I_PR_10610_TC_MD_Q","I_SA_10610_TC_MD_Q","I_SA_10610_TC_MD_V","I_FC_10610_TC_MD_V","I_FU_10610_TC_MD_V"
10611,"Other fibreplants","I_A_10611_TC_MD_TA","I_A_10611_TC_MD_IR","I_A_10611_TC_MD_EN","I_A_10611_TC_MD_GM","I_OV_10611_TC_MD_V","I_CV_10611_TC_MD_V","I_PR_10611_TC_MD_Q","I_SA_10611_TC_MD_Q","I_SA_10611_TC_MD_V","I_FC_10611_TC_MD_V","I_FU_10611_TC_MD_V"
10612,"Aromaticplants, medicaland culinaryplants","I_A_10612_TC_MD_TA","I_A_10612_TC_MD_IR","I_A_10612_TC_MD_EN","I_A_10612_TC_MD_GM","I_OV_10612_TC_MD_V","I_CV_10612_TC_MD_V","I_PR_10612_TC_MD_Q","I_SA_10612_TC_MD_Q","I_SA_10612_TC_MD_V","I_FC_10612_TC_MD_V","I_FU_10612_TC_MD_V"
10613,Sugar cane,"I_A_10613_TC_MD_TA","I_A_10613_TC_MD_IR","I_A_10613_TC_MD_EN","I_A_10613_TC_MD_GM","I_OV_10613_TC_MD_V","I_CV_10613_TC_MD_V","I_PR_10613_TC_MD_Q","I_SA_10613_TC_MD_Q","I_SA_10613_TC_MD_V","I_FC_10613_TC_MD_V","I_FU_10613_TC_MD_V"
10690,"Other industrialcrops notmentionedelsewhere","I_A_10690_TC_MD_TA","I_A_10690_TC_MD_IR","I_A_10690_TC_MD_EN","I_A_10690_TC_MD_GM","I_OV_10690_TC_MD_V","I_CV_10690_TC_MD_V","I_PR_10690_TC_MD_Q","I_SA_10690_TC_MD_Q","I_SA_10690_TC_MD_V","I_FC_10690_TC_MD_V","I_FU_10690_TC_MD_V"
10711,"Freshvegetables,melons andstrawberries –Open field","I_A_10711_TC_MD_TA","I_A_10711_TC_MD_IR","I_A_10711_TC_MD_EN","I_A_10711_TC_MD_GM","I_OV_10711_TC_MD_V","I_CV_10711_TC_MD_V","I_PR_10711_TC_MD_Q","I_SA_10711_TC_MD_Q","I_SA_10711_TC_MD_V","I_FC_10711_TC_MD_V","I_FU_10711_TC_MD_V"
10712,"Freshvegetables,melons andstrawberries: –Marketgardening","I_A_10712_TC_MD_TA","I_A_10712_TC_MD_IR","I_A_10712_TC_MD_EN","I_A_10712_TC_MD_GM","I_OV_10712_TC_MD_V","I_CV_10712_TC_MD_V","I_PR_10712_TC_MD_Q","I_SA_10712_TC_MD_Q","I_SA_10712_TC_MD_V","I_FC_10712_TC_MD_V","I_FU_10712_TC_MD_V"
10720,"Freshvegetables,melons andstrawberries –Under glass orunder other(accessible)protective cover","I_A_10720_TC_MD_TA","I_A_10720_TC_MD_IR","I_A_10720_TC_MD_EN","I_A_10720_TC_MD_GM","I_OV_10720_TC_MD_V","I_CV_10720_TC_MD_V","I_PR_10720_TC_MD_Q","I_SA_10720_TC_MD_Q","I_SA_10720_TC_MD_V","I_FC_10720_TC_MD_V","I_FU_10720_TC_MD_V"
10731,"Cauliflower andbroccoli","I_A_10731_TC_MD_TA","I_A_10731_TC_MD_IR","I_A_10731_TC_MD_EN","I_A_10731_TC_MD_GM","I_OV_10731_TC_MD_V","I_CV_10731_TC_MD_V","I_PR_10731_TC_MD_Q","I_SA_10731_TC_MD_Q","I_SA_10731_TC_MD_V","I_FC_10731_TC_MD_V","I_FU_10731_TC_MD_V"
10732,Lettuce,"I_A_10732_TC_MD_TA","I_A_10732_TC_MD_IR","I_A_10732_TC_MD_EN","I_A_10732_TC_MD_GM","I_OV_10732_TC_MD_V","I_CV_10732_TC_MD_V","I_PR_10732_TC_MD_Q","I_SA_10732_TC_MD_Q","I_SA_10732_TC_MD_V","I_FC_10732_TC_MD_V","I_FU_10732_TC_MD_V"
10733,Tomatoes,"I_A_10733_TC_MD_TA","I_A_10733_TC_MD_IR","I_A_10733_TC_MD_EN","I_A_10733_TC_MD_GM","I_OV_10733_TC_MD_V","I_CV_10733_TC_MD_V","I_PR_10733_TC_MD_Q","I_SA_10733_TC_MD_Q","I_SA_10733_TC_MD_V","I_FC_10733_TC_MD_V","I_FU_10733_TC_MD_V"
10734,Sweet corn,"I_A_10734_TC_MD_TA","I_A_10734_TC_MD_IR","I_A_10734_TC_MD_EN","I_A_10734_TC_MD_GM","I_OV_10734_TC_MD_V","I_CV_10734_TC_MD_V","I_PR_10734_TC_MD_Q","I_SA_10734_TC_MD_Q","I_SA_10734_TC_MD_V","I_FC_10734_TC_MD_V","I_FU_10734_TC_MD_V"
10735,Onions,"I_A_10735_TC_MD_TA","I_A_10735_TC_MD_IR","I_A_10735_TC_MD_EN","I_A_10735_TC_MD_GM","I_OV_10735_TC_MD_V","I_CV_10735_TC_MD_V","I_PR_10735_TC_MD_Q","I_SA_10735_TC_MD_Q","I_SA_10735_TC_MD_V","I_FC_10735_TC_MD_V","I_FU_10735_TC_MD_V"
10736,Garlic,"I_A_10736_TC_MD_TA","I_A_10736_TC_MD_IR","I_A_10736_TC_MD_EN","I_A_10736_TC_MD_GM","I_OV_10736_TC_MD_V","I_CV_10736_TC_MD_V","I_PR_10736_TC_MD_Q","I_SA_10736_TC_MD_Q","I_SA_10736_TC_MD_V","I_FC_10736_TC_MD_V","I_FU_10736_TC_MD_V"
10737,Carrots,"I_A_10737_TC_MD_TA","I_A_10737_TC_MD_IR","I_A_10737_TC_MD_EN","I_A_10737_TC_MD_GM","I_OV_10737_TC_MD_V","I_CV_10737_TC_MD_V","I_PR_10737_TC_MD_Q","I_SA_10737_TC_MD_Q","I_SA_10737_TC_MD_V","I_FC_10737_TC_MD_V","I_FU_10737_TC_MD_V"
10738,Strawberries,"I_A_10738_TC_MD_TA","I_A_10738_TC_MD_IR","I_A_10738_TC_MD_EN","I_A_10738_TC_MD_GM","I_OV_10738_TC_MD_V","I_CV_10738_TC_MD_V","I_PR_10738_TC_MD_Q","I_SA_10738_TC_MD_Q","I_SA_10738_TC_MD_V","I_FC_10738_TC_MD_V","I_FU_10738_TC_MD_V"
10739,Melons,"I_A_10739_TC_MD_TA","I_A_10739_TC_MD_IR","I_A_10739_TC_MD_EN","I_A_10739_TC_MD_GM","I_OV_10739_TC_MD_V","I_CV_10739_TC_MD_V","I_PR_10739_TC_MD_Q","I_SA_10739_TC_MD_Q","I_SA_10739_TC_MD_V","I_FC_10739_TC_MD_V","I_FU_10739_TC_MD_V"
10790,"Othervegetables","I_A_10790_TC_MD_TA","I_A_10790_TC_MD_IR","I_A_10790_TC_MD_EN","I_A_10790_TC_MD_GM","I_OV_10790_TC_MD_V","I_CV_10790_TC_MD_V","I_PR_10790_TC_MD_Q","I_SA_10790_TC_MD_Q","I_SA_10790_TC_MD_V","I_FC_10790_TC_MD_V","I_FU_10790_TC_MD_V"
10810,"Flowers andornamentalplants –Outdoor orunder lowprotective cover","I_A_10810_TC_MD_TA","I_A_10810_TC_MD_IR","I_A_10810_TC_MD_EN","I_A_10810_TC_MD_GM","I_OV_10810_TC_MD_V","I_CV_10810_TC_MD_V",,,"I_SA_10810_TC_MD_V","I_FC_10810_TC_MD_V","I_FU_10810_TC_MD_V"
10820,"Flowers andornamentalplants – Underglass or underother protectivecover","I_A_10820_TC_MD_TA","I_A_10820_TC_MD_IR","I_A_10820_TC_MD_EN","I_A_10820_TC_MD_GM","I_OV_10820_TC_MD_V","I_CV_10820_TC_MD_V",,,"I_SA_10820_TC_MD_V","I_FC_10820_TC_MD_V","I_FU_10820_TC_MD_V"
10830,"Flower bulbs,corms andtubers.","I_A_10830_TC_MD_TA","I_A_10830_TC_MD_IR","I_A_10830_TC_MD_EN","I_A_10830_TC_MD_GM","I_OV_10830_TC_MD_V","I_CV_10830_TC_MD_V",,,"I_SA_10830_TC_MD_V","I_FC_10830_TC_MD_V","I_FU_10830_TC_MD_V"
10840,"Cut flowers andflower buds","I_A_10840_TC_MD_TA","I_A_10840_TC_MD_IR","I_A_10840_TC_MD_EN","I_A_10840_TC_MD_GM","I_OV_10840_TC_MD_V","I_CV_10840_TC_MD_V",,,"I_SA_10840_TC_MD_V","I_FC_10840_TC_MD_V","I_FU_10840_TC_MD_V"
10850,"Flowering andornamentalplants.","I_A_10850_TC_MD_TA","I_A_10850_TC_MD_IR","I_A_10850_TC_MD_EN","I_A_10850_TC_MD_GM","I_OV_10850_TC_MD_V","I_CV_10850_TC_MD_V",,,"I_SA_10850_TC_MD_V","I_FC_10850_TC_MD_V","I_FU_10850_TC_MD_V"
10910,"Temporarygrass","I_A_10910_TC_MD_TA","I_A_10910_TC_MD_IR","I_A_10910_TC_MD_EN","I_A_10910_TC_MD_GM","I_OV_10910_TC_MD_V","I_CV_10910_TC_MD_V","I_PR_10910_TC_MD_Q","I_SA_10910_TC_MD_Q","I_SA_10910_TC_MD_V","I_FC_10910_TC_MD_V","I_FU_10910_TC_MD_V"
10921,Green maize,"I_A_10921_TC_MD_TA","I_A_10921_TC_MD_IR","I_A_10921_TC_MD_EN","I_A_10921_TC_MD_GM","I_OV_10921_TC_MD_V","I_CV_10921_TC_MD_V","I_PR_10921_TC_MD_Q","I_SA_10921_TC_MD_Q","I_SA_10921_TC_MD_V","I_FC_10921_TC_MD_V","I_FU_10921_TC_MD_V"
10922,"Leguminousplants","I_A_10922_TC_MD_TA","I_A_10922_TC_MD_IR","I_A_10922_TC_MD_EN","I_A_10922_TC_MD_GM","I_OV_10922_TC_MD_V","I_CV_10922_TC_MD_V","I_PR_10922_TC_MD_Q","I_SA_10922_TC_MD_Q","I_SA_10922_TC_MD_V","I_FC_10922_TC_MD_V","I_FU_10922_TC_MD_V"
10923,"Other plantsharvestedgreen but notmentionedelsewhere","I_A_10923_TC_MD_TA","I_A_10923_TC_MD_IR","I_A_10923_TC_MD_EN","I_A_10923_TC_MD_GM","I_OV_10923_TC_MD_V","I_CV_10923_TC_MD_V","I_PR_10923_TC_MD_Q","I_SA_10923_TC_MD_Q","I_SA_10923_TC_MD_V","I_FC_10923_TC_MD_V","I_FU_10923_TC_MD_V"
11000,"Arable landseed andseedlings","I_A_11000_TC_MD_TA","I_A_11000_TC_MD_IR","I_A_11000_TC_MD_EN","I_A_11000_TC_MD_GM","I_OV_11000_TC_MD_V","I_CV_11000_TC_MD_V","I_PR_11000_TC_MD_Q","I_SA_11000_TC_MD_Q","I_SA_11000_TC_MD_V","I_FC_11000_TC_MD_V","I_FU_11000_TC_MD_V"
11100,"Other arableland crops","I_A_11100_TC_MD_TA","I_A_11100_TC_MD_IR","I_A_11100_TC_MD_EN","I_A_11100_TC_MD_GM","I_OV_11100_TC_MD_V","I_CV_11100_TC_MD_V","I_PR_11100_TC_MD_Q","I_SA_11100_TC_MD_Q","I_SA_11100_TC_MD_V","I_FC_11100_TC_MD_V","I_FU_11100_TC_MD_V"
11210,"Fallow landwithout anysubsidies","I_A_11210_TC_MD_TA","I_A_11210_TC_MD_IR","I_A_11210_TC_MD_EN","I_A_11210_TC_MD_GM","I_OV_11210_TC_MD_V","I_CV_11210_TC_MD_V","I_PR_11210_TC_MD_Q","I_SA_11210_TC_MD_Q","I_SA_11210_TC_MD_V","I_FC_11210_TC_MD_V","I_FU_11210_TC_MD_V"
11220,"Fallow landsubject to thepayment ofsubsidies, withno economicuse","I_A_11220_TC_MD_TA",,,,,,,,,,
11300,"Land ready forsowing leasedto others,including landmade availableas a benefit inkind","I_A_11300_TC_MD_TA",,,,,,,,"I_SA_11300_TC_MD_V",,
20000,Kitchen gardens,"I_A_20000_TC_MD_TA",,,,,,,,,,
30100,"Pasture andmeadow,excluding roughgrazing","I_A_30100_TC_MD_TA","I_A_30100_TC_MD_IR","I_A_30100_TC_MD_EN","I_A_30100_TC_MD_GM","I_OV_30100_TC_MD_V","I_CV_30100_TC_MD_V","I_PR_30100_TC_MD_Q","I_SA_30100_TC_MD_Q","I_SA_30100_TC_MD_V","I_FC_30100_TC_MD_V","I_FU_30100_TC_MD_V"
30200,Rough grazing,"I_A_30200_TC_MD_TA","I_A_30200_TC_MD_IR","I_A_30200_TC_MD_EN","I_A_30200_TC_MD_GM","I_OV_30200_TC_MD_V","I_CV_30200_TC_MD_V","I_PR_30200_TC_MD_Q","I_SA_30200_TC_MD_Q","I_SA_30200_TC_MD_V","I_FC_30200_TC_MD_V","I_FU_30200_TC_MD_V"
30300,"Permanentgrassland nolonger used forproductionpurposes andeligible for thepayment ofsubsidies","I_A_30300_TC_MD_TA",,,,,,,,,,
40111,Apples,"I_A_40111_TC_MD_TA","I_A_40111_TC_MD_IR","I_A_40111_TC_MD_EN","I_A_40111_TC_MD_GM","I_OV_40111_TC_MD_V","I_CV_40111_TC_MD_V","I_PR_40111_TC_MD_Q","I_SA_40111_TC_MD_Q","I_SA_40111_TC_MD_V","I_FC_40111_TC_MD_V","I_FU_40111_TC_MD_V"
40112,Pears,"I_A_40112_TC_MD_TA","I_A_40112_TC_MD_IR","I_A_40112_TC_MD_EN","I_A_40112_TC_MD_GM","I_OV_40112_TC_MD_V","I_CV_40112_TC_MD_V","I_PR_40112_TC_MD_Q","I_SA_40112_TC_MD_Q","I_SA_40112_TC_MD_V","I_FC_40112_TC_MD_V","I_FU_40112_TC_MD_V"
40113,"Peaches andnectarines","I_A_40113_TC_MD_TA","I_A_40113_TC_MD_IR","I_A_40113_TC_MD_EN","I_A_40113_TC_MD_GM","I_OV_40113_TC_MD_V","I_CV_40113_TC_MD_V","I_PR_40113_TC_MD_Q","I_SA_40113_TC_MD_Q","I_SA_40113_TC_MD_V","I_FC_40113_TC_MD_V","I_FU_40113_TC_MD_V"
40114,"Other fruit oftemperatezones","I_A_40114_TC_MD_TA","I_A_40114_TC_MD_IR","I_A_40114_TC_MD_EN","I_A_40114_TC_MD_GM","I_OV_40114_TC_MD_V","I_CV_40114_TC_MD_V","I_PR_40114_TC_MD_Q","I_SA_40114_TC_MD_Q","I_SA_40114_TC_MD_V","I_FC_40114_TC_MD_V","I_FU_40114_TC_MD_V"
40115,"Fruit ofsubtropical ortropical zones","I_A_40115_TC_MD_TA","I_A_40115_TC_MD_IR","I_A_40115_TC_MD_EN","I_A_40115_TC_MD_GM","I_OV_40115_TC_MD_V","I_CV_40115_TC_MD_V","I_PR_40115_TC_MD_Q","I_SA_40115_TC_MD_Q","I_SA_40115_TC_MD_V","I_FC_40115_TC_MD_V","I_FU_40115_TC_MD_V"
40120,Berry species,"I_A_40120_TC_MD_TA","I_A_40120_TC_MD_IR","I_A_40120_TC_MD_EN","I_A_40120_TC_MD_GM","I_OV_40120_TC_MD_V","I_CV_40120_TC_MD_V","I_PR_40120_TC_MD_Q","I_SA_40120_TC_MD_Q","I_SA_40120_TC_MD_V","I_FC_40120_TC_MD_V","I_FU_40120_TC_MD_V"
40130,Nuts,"I_A_40130_TC_MD_TA","I_A_40130_TC_MD_IR","I_A_40130_TC_MD_EN","I_A_40130_TC_MD_GM","I_OV_40130_TC_MD_V","I_CV_40130_TC_MD_V","I_PR_40130_TC_MD_Q","I_SA_40130_TC_MD_Q","I_SA_40130_TC_MD_V","I_FC_40130_TC_MD_V","I_FU_40130_TC_MD_V"
40210,Oranges,"I_A_40210_TC_MD_TA","I_A_40210_TC_MD_IR","I_A_40210_TC_MD_EN","I_A_40210_TC_MD_GM","I_OV_40210_TC_MD_V","I_CV_40210_TC_MD_V","I_PR_40210_TC_MD_Q","I_SA_40210_TC_MD_Q","I_SA_40210_TC_MD_V","I_FC_40210_TC_MD_V","I_FU_40210_TC_MD_V"
40220,"Tangerines,mandarins,clementinesand similarsmall fruit","I_A_40220_TC_MD_TA","I_A_40220_TC_MD_IR","I_A_40220_TC_MD_EN","I_A_40220_TC_MD_GM","I_OV_40220_TC_MD_V","I_CV_40220_TC_MD_V","I_PR_40220_TC_MD_Q","I_SA_40220_TC_MD_Q","I_SA_40220_TC_MD_V","I_FC_40220_TC_MD_V","I_FU_40220_TC_MD_V"
40230,Lemons,"I_A_40230_TC_MD_TA","I_A_40230_TC_MD_IR","I_A_40230_TC_MD_EN","I_A_40230_TC_MD_GM","I_OV_40230_TC_MD_V","I_CV_40230_TC_MD_V","I_PR_40230_TC_MD_Q","I_SA_40230_TC_MD_Q","I_SA_40230_TC_MD_V","I_FC_40230_TC_MD_V","I_FU_40230_TC_MD_V"
40290,"Other citrusfruit","I_A_40290_TC_MD_TA","I_A_40290_TC_MD_IR","I_A_40290_TC_MD_EN","I_A_40290_TC_MD_GM","I_OV_40290_TC_MD_V","I_CV_40290_TC_MD_V","I_PR_40290_TC_MD_Q","I_SA_40290_TC_MD_Q","I_SA_40290_TC_MD_V","I_FC_40290_TC_MD_V","I_FU_40290_TC_MD_V"
40310,Table olives,"I_A_40310_TC_MD_TA","I_A_40310_TC_MD_IR","I_A_40310_TC_MD_EN","I_A_40310_TC_MD_GM","I_OV_40310_TC_MD_V","I_CV_40310_TC_MD_V","I_PR_40310_TC_MD_Q","I_SA_40310_TC_MD_Q","I_SA_40310_TC_MD_V","I_FC_40310_TC_MD_V","I_FU_40310_TC_MD_V"
40320,"Olives for oilproduction(sold in theform of fruit)","I_A_40320_TC_MD_TA","I_A_40320_TC_MD_IR","I_A_40320_TC_MD_EN","I_A_40320_TC_MD_GM","I_OV_40320_TC_MD_V","I_CV_40320_TC_MD_V","I_PR_40320_TC_MD_Q","I_SA_40320_TC_MD_Q","I_SA_40320_TC_MD_V","I_FC_40320_TC_MD_V","I_FU_40320_TC_MD_V"
40330,Olive oil,"I_A_40330_TC_MD_TA","I_A_40330_TC_MD_IR","I_A_40330_TC_MD_EN","I_A_40330_TC_MD_GM","I_OV_40330_TC_MD_V","I_CV_40330_TC_MD_V","I_PR_40330_TC_MD_Q","I_SA_40330_TC_MD_Q","I_SA_40330_TC_MD_V","I_FC_40330_TC_MD_V","I_FU_40330_TC_MD_V"
40340,"Olive by-products",,,,,"I_OV_40340_TC_MD_V","I_CV_40340_TC_MD_V","I_PR_40340_TC_MD_Q","I_SA_40340_TC_MD_Q","I_SA_40340_TC_MD_V","I_FC_40340_TC_MD_V","I_FU_40340_TC_MD_V"
40411,"Quality winewith protecteddesignation oforigin (PDO)","I_A_40411_TC_MD_TA","I_A_40411_TC_MD_IR","I_A_40411_TC_MD_EN","I_A_40411_TC_MD_GM","I_OV_40411_TC_MD_V","I_CV_40411_TC_MD_V","I_PR_40411_TC_MD_Q","I_SA_40411_TC_MD_Q","I_SA_40411_TC_MD_V","I_FC_40411_TC_MD_V","I_FU_40411_TC_MD_V"
40412,"Quality winewith protectedgeographicalindication (PGI)","I_A_40412_TC_MD_TA","I_A_40412_TC_MD_IR","I_A_40412_TC_MD_EN","I_A_40412_TC_MD_GM","I_OV_40412_TC_MD_V","I_CV_40412_TC_MD_V","I_PR_40412_TC_MD_Q","I_SA_40412_TC_MD_Q","I_SA_40412_TC_MD_V","I_FC_40412_TC_MD_V","I_FU_40412_TC_MD_V"
40420,Other wines,"I_A_40420_TC_MD_TA","I_A_40420_TC_MD_IR","I_A_40420_TC_MD_EN","I_A_40420_TC_MD_GM","I_OV_40420_TC_MD_V","I_CV_40420_TC_MD_V","I_PR_40420_TC_MD_Q","I_SA_40420_TC_MD_Q","I_SA_40420_TC_MD_V","I_FC_40420_TC_MD_V","I_FU_40420_TC_MD_V"
40430,Table grapes,"I_A_40430_TC_MD_TA","I_A_40430_TC_MD_IR","I_A_40430_TC_MD_EN","I_A_40430_TC_MD_GM","I_OV_40430_TC_MD_V","I_CV_40430_TC_MD_V","I_PR_40430_TC_MD_Q","I_SA_40430_TC_MD_Q","I_SA_40430_TC_MD_V","I_FC_40430_TC_MD_V","I_FU_40430_TC_MD_V"
40440,Raisins,"I_A_40440_TC_MD_TA","I_A_40440_TC_MD_IR","I_A_40440_TC_MD_EN","I_A_40440_TC_MD_GM","I_OV_40440_TC_MD_V","I_CV_40440_TC_MD_V","I_PR_40440_TC_MD_Q","I_SA_40440_TC_MD_Q","I_SA_40440_TC_MD_V","I_FC_40440_TC_MD_V","I_FU_40440_TC_MD_V"
40451,"Grapes forquality winewith protecteddesignation oforigin (PDO)","I_A_40451_TC_MD_TA","I_A_40451_TC_MD_IR","I_A_40451_TC_MD_EN","I_A_40451_TC_MD_GM","I_OV_40451_TC_MD_V","I_CV_40451_TC_MD_V","I_PR_40451_TC_MD_Q","I_SA_40451_TC_MD_Q","I_SA_40451_TC_MD_V","I_FC_40451_TC_MD_V","I_FU_40451_TC_MD_V"
40452,"Grapes forquality winewith protectedgeographicalindication (PGI)","I_A_40452_TC_MD_TA","I_A_40452_TC_MD_IR","I_A_40452_TC_MD_EN","I_A_40452_TC_MD_GM","I_OV_40452_TC_MD_V","I_CV_40452_TC_MD_V","I_PR_40452_TC_MD_Q","I_SA_40452_TC_MD_Q","I_SA_40452_TC_MD_V","I_FC_40452_TC_MD_V","I_FU_40452_TC_MD_V"
40460,"Grapes forother wines","I_A_40460_TC_MD_TA","I_A_40460_TC_MD_IR","I_A_40460_TC_MD_EN","I_A_40460_TC_MD_GM","I_OV_40460_TC_MD_V","I_CV_40460_TC_MD_V","I_PR_40460_TC_MD_Q","I_SA_40460_TC_MD_Q","I_SA_40460_TC_MD_V","I_FC_40460_TC_MD_V","I_FU_40460_TC_MD_V"
40470,"Miscellaneousproducts ofvines: grapemust, juice,brandy, vinegarand othersproduced onthe farm",,,,,"I_OV_40470_TC_MD_V","I_CV_40470_TC_MD_V","I_PR_40470_TC_MD_Q","I_SA_40470_TC_MD_Q","I_SA_40470_TC_MD_V","I_FC_40470_TC_MD_V","I_FU_40470_TC_MD_V"
40480,"Vine by-products (marc,lees)",,,,,"I_OV_40480_TC_MD_V","I_CV_40480_TC_MD_V","I_PR_40480_TC_MD_Q","I_SA_40480_TC_MD_Q","I_SA_40480_TC_MD_V","I_FC_40480_TC_MD_V","I_FU_40480_TC_MD_V"
40500,Nurseries,"I_A_40500_TC_MD_TA","I_A_40500_TC_MD_IR","I_A_40500_TC_MD_EN","I_A_40500_TC_MD_GM","I_OV_40500_TC_MD_V","I_CV_40500_TC_MD_V",,,"I_SA_40500_TC_MD_V","I_FC_40500_TC_MD_V","I_FU_40500_TC_MD_V"
40600,"Otherpermanentcrops","I_A_40600_TC_MD_TA","I_A_40600_TC_MD_IR","I_A_40600_TC_MD_EN","I_A_40600_TC_MD_GM","I_OV_40600_TC_MD_V","I_CV_40600_TC_MD_V",,,"I_SA_40600_TC_MD_V","I_FC_40600_TC_MD_V","I_FU_40600_TC_MD_V"
40610,"of whichChristmas trees","I_A_40610_TC_MD_TA","I_A_40610_TC_MD_IR","I_A_40610_TC_MD_EN","I_A_40610_TC_MD_GM","I_OV_40610_TC_MD_V","I_CV_40610_TC_MD_V",,,"I_SA_40610_TC_MD_V","I_FC_40610_TC_MD_V","I_FU_40610_TC_MD_V"
40700,"Permanentcrops underglass","I_A_40700_TC_MD_TA","I_A_40700_TC_MD_IR","I_A_40700_TC_MD_EN","I_A_40700_TC_MD_GM","I_OV_40700_TC_MD_V","I_CV_40700_TC_MD_V",,,"I_SA_40700_TC_MD_V","I_FC_40700_TC_MD_V","I_FU_40700_TC_MD_V"
40800,"Growth ofyoungplantations",,,,,,"I_CV_40800_TC_MD_V",,,,,
50100,"Unutilisedagriculturalland","I_A_50100_TC_MD_TA",,,,,,,,,,
50200,Wooded area,"I_A_50200_TC_MD_TA",,,,,,,,,,
50210,"of which shortrotationcoppices","I_A_50210_TC_MD_TA","I_A_50210_TC_MD_IR","I_A_50210_TC_MD_EN","I_A_50210_TC_MD_GM","I_OV_50210_TC_MD_V","I_CV_50210_TC_MD_V",,,"I_SA_50210_TC_MD_V","I_FC_50210_TC_MD_V","I_FU_50210_TC_MD_V"
50900,"Other land:occupied bybuildings,farmyards,tracks, ponds,quarries,infertile land,rock, etc","I_A_50900_TC_MD_TA",,,,,,,,,,
60000,Mushrooms,"I_A_60000_TC_MD_TA","I_A_60000_TC_MD_IR","I_A_60000_TC_MD_EN","I_A_60000_TC_MD_GM","I_OV_60000_TC_MD_V","I_CV_60000_TC_MD_V","I_PR_60000_TC_MD_Q","I_SA_60000_TC_MD_Q","I_SA_60000_TC_MD_V","I_FC_60000_TC_MD_V","I_FU_60000_TC_MD_V"
90100,"Receipts fromrenting outagriculturalland","I_A_90100_TC_MD_TA",,,,,,,,"I_SA_90100_TC_MD_V",,
90200,"Compensationby cropinsurance notallocable tospecific crops",,,,,,,,,"I_SA_90200_TC_MD_V",,
90300,"Crop by-products otherthan fromolives and vine",,,,,"I_OV_90300_TC_MD_V","I_CV_90300_TC_MD_V","I_PR_90300_TC_MD_Q","I_SA_90300_TC_MD_Q","I_SA_90300_TC_MD_V","I_FC_90300_TC_MD_V","I_FU_90300_TC_MD_V"
90310,Straw,,,,,"I_OV_90310_TC_MD_V","I_CV_90310_TC_MD_V","I_PR_90310_TC_MD_Q","I_SA_90310_TC_MD_Q","I_SA_90310_TC_MD_V","I_FC_90310_TC_MD_V","I_FU_90310_TC_MD_V"
90320,Sugar beet tops,,,,,"I_OV_90320_TC_MD_V","I_CV_90320_TC_MD_V","I_PR_90320_TC_MD_Q","I_SA_90320_TC_MD_Q","I_SA_90320_TC_MD_V","I_FC_90320_TC_MD_V","I_FU_90320_TC_MD_V"
90330,"Other by-products",,,,,"I_OV_90330_TC_MD_V","I_CV_90330_TC_MD_V","I_PR_90330_TC_MD_Q","I_SA_90330_TC_MD_Q","I_SA_90330_TC_MD_V","I_FC_90330_TC_MD_V","I_FU_90330_TC_MD_V"
90900,Other,"I_A_90900_TC_MD_TA","I_A_90900_TC_MD_IR","I_A_90900_TC_MD_EN","I_A_90900_TC_MD_GM","I_OV_90900_TC_MD_V","I_CV_90900_TC_MD_V",,,"I_SA_90900_TC_MD_V","I_FC_90900_TC_MD_V","I_FU_90900_TC_MD_V"
